[
    {"kind":"CONSTANT","domainName":"","packageName":"","className":"randseed","state":"1","parent":"","x":0,"y":0,"energy":0.0,"tech":0.0, "mass": 0.0},
    {"kind":"CONSTANT","domainName":"","packageName":"","className":"searchProjectForAliens","state":"on","parent":"","x":0,"y":0,"energy":0.0,"tech":0.0, "mass": 0.0},
    {"kind":"CONSTANT","domainName":"","packageName":"","className":"gameMode","state":"sc_brawl.json","parent":"","x":0,"y":0,"energy":0.0,"tech":0.0, "mass": 0.0},
    {"kind":"CONSTANT","domainName":"","packageName":"","className":"chatter","state":"on","parent":"","x":0,"y":0,"energy":0.0,"tech":0.0, "mass": 0.0},
    {"kind":"CONSTANT","domainName":"","packageName":"","className":"filters","state":"","parent":"","x":0,"y":0,"energy":0.0,"tech":0.0, "mass": 0.0},
    {"kind":"CONSTANT","domainName":"","packageName":"","className":"pauseOnError","state":"off","parent":"","x":0,"y":0,"energy":0.0,"tech":0.0, "mass": 0.0},
    {"kind":"CONSTANT","domainName":"","packageName":"","className":"autoStart","state":"off","parent":"","x":0,"y":0,"energy":0.0,"tech":0.0, "mass": 0.0},
     {"kind":"STAR","domainName":"org.eastsideprep.spacecritters","packageName":"org.eastsideprep.spacecritters.stockelements","className":"ProximaCentauri","state":"","parent":"","x":-340,"y":-200,"energy":15.45,"tech":0.0, "mass": 2000000.0},
    {"kind":"STAR","domainName":"org.eastsideprep.spacecritters","packageName":"org.eastsideprep.spacecritters.stockelements","className":"AlphaCentauriA","state":"","parent":"","x":-420,"y":-230,"energy":4.34,"tech":0.0, "mass": 2000000.0},
    {"kind":"STAR","domainName":"org.eastsideprep.spacecritters","packageName":"org.eastsideprep.spacecritters.stockelements","className":"BarnardsStar","state":"","parent":"","x":-280,"y":-1140,"energy":13.24,"tech":0.0, "mass": 2000000.0},
    {"kind":"STAR","domainName":"org.eastsideprep.spacecritters","packageName":"org.eastsideprep.spacecritters.stockelements","className":"AlphaCentauriB","state":"","parent":"","x":-380,"y":-300,"energy":5.7,"tech":0.0, "mass": 2000000.0},
    {"kind":"STAR","domainName":"org.eastsideprep.spacecritters","packageName":"org.eastsideprep.spacecritters.stockelements","className":"Wolf359","state":"","parent":"","x":-1350,"y":750,"energy":16.56,"tech":0.0, "mass": 2000000.0},
    {"kind":"STAR","domainName":"org.eastsideprep.spacecritters","packageName":"org.eastsideprep.spacecritters.stockelements","className":"Lalande21185","state":"","parent":"","x":-1290,"y":340,"energy":10.46,"tech":0.0, "mass": 2000000.0},
    {"kind":"STAR","domainName":"org.eastsideprep.spacecritters","packageName":"org.eastsideprep.spacecritters.stockelements","className":"Sirius","state":"","parent":"","x":-20,"y":1650,"energy":151.1,"tech":0.0, "mass": 2000000.0},
    {"kind":"STAR","domainName":"org.eastsideprep.spacecritters","packageName":"org.eastsideprep.spacecritters.stockelements","className":"L726_8","state":"","parent":"","x":1610,"y":450,"energy":1.0,"tech":0.0, "mass": 2000000.0},
    {"kind":"STAR","domainName":"org.eastsideprep.spacecritters","packageName":"org.eastsideprep.spacecritters.stockelements","className":"Ross154","state":"","parent":"","x":20,"y":-1790,"energy":1.4,"tech":0.0, "mass": 2000000.0},
    {"kind":"STAR","domainName":"org.eastsideprep.spacecritters","packageName":"org.eastsideprep.spacecritters.stockelements","className":"Ross248","state":"","parent":"","x":1430,"y":-360,"energy":0.7,"tech":0.0, "mass": 2000000.0},
    {"kind":"STAR","domainName":"org.eastsideprep.spacecritters","packageName":"org.eastsideprep.spacecritters.stockelements","className":"EpsilonEridani","state":"","parent":"","x":1450,"y":1480,"energy":22.2,"tech":0.0, "mass": 2000000.0},
    {"kind":"STAR","domainName":"org.eastsideprep.spacecritters","packageName":"org.eastsideprep.spacecritters.stockelements","className":"Sol","state":"","parent":"","x":0,"y":0,"energy":38.0,"tech":0.0, "mass": 2000000.0},
    {"kind":"STAR","domainName":"org.eastsideprep.spacecritters","packageName":"org.eastsideprep.spacecritters.stockelements","className":"Lacaille9352","state":"","parent":"","x":1710,"y":-450,"energy":5.3,"tech":0.0, "mass": 2000000.0},
    {"kind":"STAR","domainName":"org.eastsideprep.spacecritters","packageName":"org.eastsideprep.spacecritters.stockelements","className":"Ross128","state":"","parent":"","x":-2110,"y":530,"energy":1.2,"tech":0.0, "mass": 2000000.0},
    {"kind":"STAR","domainName":"org.eastsideprep.spacecritters","packageName":"org.eastsideprep.spacecritters.stockelements","className":"Procyon","state":"","parent":"","x":-610,"y":2180,"energy":92.8,"tech":0.0, "mass": 2000000.0},
    {"kind":"STAR","domainName":"org.eastsideprep.spacecritters","packageName":"org.eastsideprep.spacecritters.stockelements","className":"L789_6","state":"","parent":"","x":1860,"y":-1050,"energy":1.4,"tech":0.0, "mass": 2000000.0},
    {"kind":"STAR","domainName":"org.eastsideprep.spacecritters","packageName":"org.eastsideprep.spacecritters.stockelements","className":"61Cygni","state":"","parent":"","x":1260,"y":-1250,"energy":22.5,"tech":0.0, "mass": 2000000.0},
    {"kind":"STAR","domainName":"org.eastsideprep.spacecritters","packageName":"org.eastsideprep.spacecritters.stockelements","className":"Struve2398","state":"","parent":"","x":10,"y":-1170,"energy":5.2,"tech":0.0, "mass": 2000000.0},
    {"kind":"STAR","domainName":"org.eastsideprep.spacecritters","packageName":"org.eastsideprep.spacecritters.stockelements","className":"Groombridge34","state":"","parent":"","x":1670,"y":0,"energy":5.5,"tech":0.0, "mass": 2000000.0},
    {"kind":"STAR","domainName":"org.eastsideprep.spacecritters","packageName":"org.eastsideprep.spacecritters.stockelements","className":"G51_15","state":"","parent":"","x":-1070,"y":1810,"energy":1.0,"tech":0.0, "mass": 2000000.0},
    {"kind":"STAR","domainName":"org.eastsideprep.spacecritters","packageName":"org.eastsideprep.spacecritters.stockelements","className":"EpsilonIndi","state":"","parent":"","x":1160,"y":-670,"energy":16.7,"tech":0.0, "mass": 2000000.0},
    {"kind":"STAR","domainName":"org.eastsideprep.spacecritters","packageName":"org.eastsideprep.spacecritters.stockelements","className":"TauCeti","state":"","parent":"","x":2220,"y":620,"energy":27.1,"tech":0.0, "mass": 2000000.0},
    {"kind":"STAR","domainName":"org.eastsideprep.spacecritters","packageName":"org.eastsideprep.spacecritters.stockelements","className":"L372_58","state":"","parent":"","x":1220,"y":1250,"energy":0.6,"tech":0.0, "mass": 2000000.0},
    {"kind":"STAR","domainName":"org.eastsideprep.spacecritters","packageName":"org.eastsideprep.spacecritters.stockelements","className":"L725_32","state":"","parent":"","x":2230,"y":600,"energy":0.9,"tech":0.0, "mass": 2000000.0},
    {"kind":"STAR","domainName":"org.eastsideprep.spacecritters","packageName":"org.eastsideprep.spacecritters.stockelements","className":"LuytensStar","state":"","parent":"","x":-650,"y":2370,"energy":2.2,"tech":0.0, "mass": 2000000.0},
    {"kind":"PLANET","domainName":"org.eastsideprep.spacecritters","packageName":"org.eastsideprep.spacecritters.stockelements","className":"Earth","state":"false","parent":"org.eastsideprep.spacecritters:org.eastsideprep.spacecritters.stockelements:Sol","x":-20,"y":-20,"energy":8.0,"tech":8.0, "mass": 6.0},
    {"kind":"PLANET","domainName":"org.eastsideprep.spacecritters","packageName":"org.eastsideprep.spacecritters.stockelements","className":"Slathri","state":"false","parent":"org.eastsideprep.spacecritters:org.eastsideprep.spacecritters.stockelements:ProximaCentauri","x":-20,"y":-20,"energy":5.0,"tech":10.0, "mass": 6.0},
    {"kind":"PLANET","domainName":"org.eastsideprep.spacecritters","packageName":"org.eastsideprep.spacecritters.stockelements","className":"Liloso","state":"true","parent":"org.eastsideprep.spacecritters:org.eastsideprep.spacecritters.stockelements:Lalande21185","x":20,"y":20,"energy":8.0,"tech":30.0, "mass": 6.0},
    {"kind":"PLANET","domainName":"org.eastsideprep.spacecritters","packageName":"org.eastsideprep.spacecritters.stockelements","className":"Cerile","state":"true","parent":"org.eastsideprep.spacecritters:org.eastsideprep.spacecritters.stockelements:Lalande21185","x":50,"y":10,"energy":12.0,"tech":5.0, "mass": 6.0},
    {"kind":"PLANET","domainName":"org.eastsideprep.spacecritters","packageName":"org.eastsideprep.spacecritters.stockelements","className":"Vorium","state":"true","parent":"org.eastsideprep.spacecritters:org.eastsideprep.spacecritters.stockelements:Lalande21185","x":10,"y":60,"energy":10.0,"tech":3.0, "mass": 6.0},
    {"kind":"PLANET","domainName":"org.eastsideprep.spacecritters","packageName":"org.eastsideprep.spacecritters.stockelements","className":"Leyec","state":"true","parent":"org.eastsideprep.spacecritters:org.eastsideprep.spacecritters.stockelements:Sirius","x":80,"y":80,"energy":16.0,"tech":16.0, "mass": 6.0},
    {"kind":"PLANET","domainName":"org.eastsideprep.spacecritters","packageName":"org.eastsideprep.spacecritters.stockelements","className":"Petigi","state":"true","parent":"org.eastsideprep.spacecritters:org.eastsideprep.spacecritters.stockelements:Ross248","x":30,"y":50,"energy":16.0,"tech":8.0, "mass": 6.0},
    {"kind":"PLANET","domainName":"org.eastsideprep.spacecritters","packageName":"org.eastsideprep.spacecritters.stockelements","className":"RMack","state":"true","parent":"org.eastsideprep.spacecritters:org.eastsideprep.spacecritters.stockelements:EpsilonEridani","x":60,"y":20,"energy":16.0,"tech":8.0, "mass": 6.0},
    {"kind":"SPECIES","domainName":"org.eastsideprep.spacecritters","packageName":"","className":"AggressiveAlien","state":"true","parent":"","x":0,"y":0,"energy":0.0,"tech":0.0, "mass": 0.0},
    {"kind":"SPECIES","domainName":"org.eastsideprep.spacecritters","packageName":"","className":"Martian","state":"true","parent":"","x":0,"y":0,"energy":0.0,"tech":0.0, "mass": 0.0},
    {"kind":"SPECIES","domainName":"org.eastsideprep.spacecritters","packageName":"","className":"Venusian","state":"true","parent":"","x":0,"y":0,"energy":0.0,"tech":0.0, "mass": 0.0},
    {"kind":"SPECIES","domainName":"org.eastsideprep.spacecritters","packageName":"","className":"Voyager","state":"true","parent":"","x":0,"y":0,"energy":0.0,"tech":0.0, "mass": 0.0}
  ]
